case_id,source_path,as_of_date,observable_operator_workflow_type,agent_tool,repo_workflow_shape,trigger,observed_failure,what_broke,returned_human_burden,burden_quantity,ai_execution_agent_should_have_owned,minimum_repair,restart_result,evidence_quote_or_exact_location,evidence_class,confidence
V13-INC-001,field_notes/030_mistaken_public_readiness.md,2026-06-14,Decision Owner public-readiness assessment,Decision-OS V13 workflow; specific AI/tool not identified,Internal LoopKit utility and improving README/AGENTS entry surfaces were being assessed for public adoption readiness.,Internal utility and a clearer entry surface were treated as sufficient readiness signals before an external judgment contrast existed.,"The workflow treated the repository as close to public-ready even though public value, star-worthiness, adoption readiness, and judgment difference were not proven.",Trust | Evidence Chain,,,Separate internal utility from public value and require contrastive judgment evidence before advancing a public-readiness gate.,"Keep V13 at CAP; require an ordinary-agent versus Decision-OS judgment contrast, verify that AGENTS routes to judgment anchors, and separate internal utility from public value.",Candidate detection conditions were recorded; public readiness remained unproven and the V13 next-loop gate remained CAP.,"field_notes/030_mistaken_public_readiness.md:1-70 — sections ""What Was Believed Fixed"" and ""What Later Showed the Gap"" | field_notes/030_mistaken_public_readiness.md:72-99 — sections ""What Signal Would Have Revealed It"" and ""Future Detection Conditions""",owner-reported,high
V13-INC-002,field_notes/099_handoff_responsibility_transfer.md,2026-06-29,Decision Owner receiving an AI-to-AI completion handoff,Executing AI and receiving AI; specific products not identified,A completed repository line had routine cleanup remaining and was being transferred to a new AI context.,A completion line already identified routine cleanup that an execution agent could close.,"The handoff moved information but returned routine cleanup and ownership decisions to the operator, so the receiving AI did not begin with a clear owned action.",Restartability | Seat | Re-entry Capacity,Re-explanation | Rereading | Context reconstruction | Decision repetition,,"Routine, reversible cleanup already implied by the completion line, including bounded verification and the stop condition.","Transfer current state, accepted completion line, remaining cleanup, responsible actor, next executable action, protected surfaces, verification, and stop condition to the receiving AI.",The failure signal and a receiving-AI checklist were recorded; no fresh restart outcome is documented.,"field_notes/099_handoff_responsibility_transfer.md:3-26 — sections ""Context"" and ""Observed Failure"" | field_notes/099_handoff_responsibility_transfer.md:78-95 — section ""Resource Justice Boundary"" | field_notes/099_handoff_responsibility_transfer.md:97-150 — sections ""Receiving AI Checklist"" and ""Correct Closure Pattern""",owner-reported,medium
V13-INC-003,field_notes/113_incident_parked_loop_reentry_after_market_hold.md | field_notes/112_compound_loop_governance_repo_to_video_workflow.md,2026-07-04,Decision Owner coordinating an AI-assisted repo-to-video workflow,Grok critique; subsequent AI/Codex-assisted OpenMontage and repository workflow,Entry Window Radar moved from market HOLD/parked status back into a README video branch across changing AI context and an active render.,The parked loop was reopened for video work without an explicit re-entry gate after a blunt market critique and a shift toward planning the next build.,"Re-entry proceeded with unstable context, a misconnected OpenMontage explanation, unnecessary options, and a separate route proposed while render work remained active.",Re-entry Capacity | Restartability | Branch Integrity | Carrier Capacity,Context reconstruction | Decision repetition,,"Verify inherited context, state why the parked loop is reopening, constrain the branch, avoid parallel-route proposals during active render work, and preserve the closure/stop line.","Use an explicit parked-loop re-entry gate covering reason, bounded scope, exclusions, completion line, protected and consumed resources, Seat, and next action; default to HOLD if unanswered.","The video branch was salvaged into a useful README walkthrough; narration, external posting, and broader V13 video expansion remained HOLD, while the re-entry accident remained recorded as an incident.","field_notes/113_incident_parked_loop_reentry_after_market_hold.md:54-87 — corrected sequence and incident pattern | field_notes/113_incident_parked_loop_reentry_after_market_hold.md:105-152 — small failures and minimum re-entry gate | field_notes/112_compound_loop_governance_repo_to_video_workflow.md:44-112 — gate decisions, observed failures, and containment",owner-reported,high
V13-INC-004,field_notes/114_incident_screenshot_dependent_gate_signal_miss.md,2026-07-04,Decision Owner reviewing an AI-audited public repository surface,Codex audit plus rendered GitHub screenshot inspection,Entry Window Radar README first screen contained a high-salience status badge while lower-level gate text carried narrower permissions.,The public-surface audit evaluated README source/body consistency without treating the rendered first-screen badge as a primary gate claim.,"The first screen displayed ""Status: FULL GO"" while the actual state was ""Public surface: SOFT GO"" and ""External posting: HOLD""; Codex initially downgraded the defect to WATCH and the Decision Owner caught it in a screenshot.",Trust | Evidence Chain,Revalidation,,"Inspect rendered first-screen gate signals and reconcile badges, titles, thumbnails, About text, and status wording with the current gate ledger before declaring PASS.","Patch the badge to ""Public surface: SOFT GO"" and require rendered first-screen inspection; if rendering is unavailable, return UNKNOWN rather than PASS.","The badge was patched at related commit 796ee6f; the public-surface patch passed, the process lesson was recorded, and external posting remained HOLD.","field_notes/114_incident_screenshot_dependent_gate_signal_miss.md:13-87 — As-of context, observed failure, detection, and audit failure | field_notes/114_incident_screenshot_dependent_gate_signal_miss.md:88-173 — root cause, correction, and prevention checklist | field_notes/114_incident_screenshot_dependent_gate_signal_miss.md:227-246 — completion state",observed,high
V13-INC-005,field_notes/116_public_surface_leak_gate.md,2026-07-11,Decision Owner preparing internal dogfood material for a public repository surface,Repository cleanup and rendered GitHub verification; specific AI/tool not identified,Pain Timing Map internal examples and operational references were being cleaned for public-facing repository surfaces.,An internally useful example structure was considered for public exposure without first separating private operator context from public-safe content.,"Confirmed operator-specific paths and private operational references were present in material being remediated for public use, creating a private-context leak risk.",Trust | Evidence Chain,,,"Run a bounded source and rendered-surface leak audit before public-surface PASS, generalize private references, and preserve useful structure without exposing operator context.","Remove confirmed operator-specific paths and private operational references, generalize examples, and verify both source-visible and rendered GitHub surfaces.",The later remediation removed confirmed leaks and rendered verification found no remaining leak or redaction-induced breakage.,field_notes/116_public_surface_leak_gate.md:13-25 — promotion evidence and trigger | field_notes/116_public_surface_leak_gate.md:37-78 — background and observed failure mode | field_notes/116_public_surface_leak_gate.md:132-155 — minimum gate and prevented cleanup burden,owner-reported,medium
V13-INC-006,field_notes/122_completion_to_expansion_drift.md,2026-07-11,Decision Owner supervising a Codex completion-report experiment with a parked tutorial branch,Codex,The active branch tested completion-report compression; a secondary beginner-tutorial idea was recorded and used for samples.,Completion of each bounded task was interpreted as authority to generate and execute the next tutorial step without rechecking the active branch and gate.,"The tutorial silently became the effective active branch through idea, pilot, A/B packet, participant preparation, implementation, and planned dry run; the operator lost visibility into the main task, next action, branch owner, and AI-owned work.",Branch Integrity | Seat | Restartability | Carrier Capacity,Rereading | Context reconstruction | Decision repetition,,"Bind the completion checkpoint to action generation, keep parked branches inactive, retain routine operational review, and avoid executable output when no branch and next action are authorized.","Before executable output, declare ""Active branch"" and ""Next authorized action""; allow execution only when both identify the already-authorized continuation, otherwise offer at most one bounded proposal.","The violation and forward-only delta were recorded; canon promotion, implementation, and broader claims remained HOLD.","field_notes/122_completion_to_expansion_drift.md:5-35 — observation and root cause | field_notes/122_completion_to_expansion_drift.md:73-120 — visible symptoms, ownership transfer, and human cost | field_notes/122_completion_to_expansion_drift.md:134-204 — forward-only operational delta and valid empty state",owner-reported,high
V13-INC-007,field_notes/127_lineage_reconnection_burden_transfer.md | validation/field_note_127_lineage_reconnection_burden_transfer_evidence.md,2026-07-23,Decision Owner supervising a Codex evaluation workflow in a layered Decision-OS repository lineage,Codex with repository lineage review,"V13 Case 004 used PIC, but the local V13 surface lacked a sufficient definition while earlier V6/V7/V8/V11 sources preserved the concept.",Codex treated local absence as the full knowledge boundary and prepared to return PIC definition as a new Human Seat question before a bounded lineage check.,A lineage-closed joint was misclassified as human-unanswered; Shin had to redirect Codex to the Decision-OS lineage and supervise source identification and routing correction.,Seat | Evidence Chain | Re-entry Capacity | Carrier Capacity,Re-explanation | Context reconstruction | Decision repetition,,"Run a bounded local, forward-delta, lineage-source, historical As-of, and source-proof check before returning a definition question to the Human Seat.","Reconnect to verified lineage sources, classify PIC as LINEAGE-CLOSED / LOCAL-BINDING-REQUIRED, make the local binding AI-OWNED, and keep the Human Seat question empty.","The route changed to AI-OWNED with no Human Seat question; MAL v0.2 and a lineage register were added as prevention structures, but no independent reproduction or runtime validation occurred.","field_notes/127_lineage_reconnection_burden_transfer.md:18-75 — observation, bounded claim, and reconstructed worldline | field_notes/127_lineage_reconnection_burden_transfer.md:145-194 — Human Carrier burden and prevention structure | field_notes/127_lineage_reconnection_burden_transfer.md:196-246 — evidence boundary and missing closure | validation/field_note_127_lineage_reconnection_burden_transfer_evidence.md — repository-bound evidence matrix and limits",owner-reported,medium
V13-INC-008,GitHub PR #4 description (https://github.com/shin4141/decision-os-v13-loopkit/pull/4),2026-07-23,Autonomous Codex executor running a preregistered five-iteration repository stress run,Codex executor and dependency-free example validator,A non-merge Draft evidence branch implemented bounded candidates and validated committed Loop Record examples.,Iteration 04 invoked the validator with its schema and instance arguments reversed.,The validator initially returned a false-positive 13/13 result despite evaluating the arguments in the wrong roles.,Evidence Chain | Trust,,,"Preserve schema/instance role correctness, prove negative rejection paths, fail closed on unsupported keywords, and cross-check with an independent validator before accepting the receipt.","Correct the reversed arguments, rerun all 13 positives, test missing-required-field and invalid-enum negatives, test unsupported-keyword fail-closed behavior, and compare an independent ephemeral validator.","After one permitted correction, 13/13 positive examples passed; the required negative and fail-closed checks rejected invalid inputs; the independent validator agreed.","PR #4 body — section ""Executor observations"" | PR #4 body — sections ""Run receipt"" and ""Validation""",observed,high
V13-INC-009,GitHub PR #4 description (https://github.com/shin4141/decision-os-v13-loopkit/pull/4) | GitHub PR #5 description (https://github.com/shin4141/decision-os-v13-loopkit/pull/5),2026-07-23,Autonomous Codex executor followed by an isolated fresh evaluator,Codex executor and fresh evaluator using GitHub Draft PR evidence,A preregistered selection stress run created candidate artifacts only on an executor branch; a separate Draft branch evaluated the run without modifying it.,Iteration 01 treated a branch-only fit-check issue template and links as a present buyer-intake path without checking GitHub's default-branch behavior.,"The executor reported no collapse and continued, but the fresh evaluator found that Iteration 01 could not demonstrate present Aspire distance reduction because issue templates operate from the default branch; the immediate-stop condition had already fired.",Evidence Chain | Branch Integrity | Trust,,,"Validate whether the candidate is operational from the default branch, distinguish branch-local existence from canonical usability, and fire the preregistered immediate-stop condition at the first collapse.",Evaluate the Iteration 01 path from default-branch semantics; classify the branch-only template as not presently usable and stop the run at Iteration 01 unless a separately authorized design changes the candidate.,"The isolated evaluator classified the run FAIL, counted two content-valid bounded cases, identified Iteration 01 as the first collapse, left the executor branch unmodified, and kept both PRs Draft and unmerged.","PR #4 body — sections ""Run receipt"" and ""Executor observations"" | PR #5 body — section ""FRESH EVALUATOR RESULT"", especially the default-branch issue-template finding",observed,high
